year,imm
1998,95
1998,82
1998,95
1998,83
1998,82
1998,92
1998,53
1998,77
1998,55
1998,95
1998,85
1998,96
1998,96
1998,94
1998,93
1998,93
1998,81
1998,81
1998,87
1998,92
1998,31
1998,89
1998,84
1998,90
1998,60
1998,99
1998,94
1998,78
1998,67
1998,92
1998,99
1998,71
1998,97
1998,98
1998,80
1998,84
1998,67
1998,71
1998,65
1998,84
1998,89
1998,99
1998,95
1998,24
1998,68
1998,84
1998,54
1998,47
1998,96
1998,37
1998,20
1998,98
1998,78
1998,67
1998,20
1998,21
1998,83
1998,66
1998,91
1998,99
1998,89
1998,95
1998,91
1998,21
1998,98
1998,80
1998,89
1998,98
1998,99
1998,82
1998,79
1998,89
1998,92
1998,44
1998,77
1998,96
1998,56
1998,90
1998,73
1998,78
1998,89
1998,97
1998,79
1998,52
1998,61
1998,93
1998,53
1998,98
1998,99
1998,96
1998,99
1998,88
1998,77
1998,94
1998,88
1998,93
1998,99
1998,90
1998,77
1998,49
1998,99
1998,98
1998,71
1998,97
1998,83
1998,79
1998,92
1998,97
1998,92
1998,51
1998,90
1998,96
1998,98
1998,54
1998,60
1998,93
1998,62
1998,85
1998,82
1998,93
1998,99
1998,93
1998,91
1998,64
1998,89
1998,64
1998,90
1998,67
1998,81
1998,91
1998,35
1998,38
1998,96
1998,91
1998,98
1998,54
1998,74
1998,96
1998,63
1998,71
1998,93
1998,80
1998,97
1998,96
1998,89
1998,97
1998,72
1998,99
1998,99
1998,59
1998,62
1998,88
1998,93
1998,96
1998,99
1998,93
1998,66
1998,32
1998,79
1998,94
1998,99
1998,90
1998,99
1998,49
1998,82
1998,94
1998,87
1998,83
1998,72
1998,96
1998,40
1998,95
1998,90
1998,94
1998,99
1998,96
1998,50
1998,96
1998,95
1998,96
1998,95
1998,64
1998,92
1998,96
1998,66
1998,86
1998,79
1999,97
1999,88
1999,99
1999,84
1999,83
1999,92
1999,56
1999,77
1999,70
1999,95
1999,90
1999,94
1999,96
1999,97
1999,92
1999,95
1999,82
1999,82
1999,88
1999,92
1999,31
1999,85
1999,83
1999,97
1999,42
1999,99
1999,92
1999,65
1999,68
1999,86
1999,94
1999,71
1999,86
1999,98
1999,82
1999,82
1999,69
1999,77
1999,79
1999,83
1999,90
1999,94
1999,96
1999,36
1999,70
1999,85
1999,63
1999,46
1999,96
1999,37
1999,30
1999,94
1999,79
1999,69
1999,15
1999,23
1999,88
1999,57
1999,92
1999,96
1999,87
1999,97
1999,92
1999,23
1999,99
1999,83
1999,99
1999,96
1999,94
1999,51
1999,88
1999,92
1999,92
1999,37
1999,79
1999,96
1999,55
1999,90
1999,76
1999,81
1999,88
1999,94
1999,83
1999,40
1999,70
1999,87
1999,54
1999,98
1999,99
1999,94
1999,99
1999,90
1999,77
1999,94
1999,82
1999,83
1999,99
1999,76
1999,62
1999,63
1999,96
1999,99
1999,71
1999,97
1999,77
1999,77
1999,69
1999,92
1999,97
1999,92
1999,55
1999,82
1999,97
1999,97
1999,51
1999,67
1999,93
1999,62
1999,80
1999,79
1999,93
1999,99
1999,93
1999,90
1999,67
1999,86
1999,65
1999,49
1999,81
1999,83
1999,87
1999,35
1999,35
1999,98
1999,90
1999,99
1999,56
1999,96
1999,90
1999,67
1999,82
1999,93
1999,80
1999,97
1999,92
1999,87
1999,98
1999,78
1999,91
1999,99
1999,64
1999,60
1999,84
1999,99
1999,62
1999,97
1999,99
1999,98
1999,99
1999,38
1999,75
1999,95
1999,99
1999,95
1999,87
1999,51
1999,85
1999,89
1999,86
1999,79
1999,72
1999,96
1999,57
1999,95
1999,88
1999,90
1999,97
1999,94
1999,55
1999,99
1999,96
1999,99
1999,96
1999,62
1999,84
1999,94
1999,74
1999,85
1999,77
2000,91
2000,91
2000,99
2000,84
2000,84
2000,92
2000,56
2000,76
2000,74
2000,96
2000,95
2000,96
2000,96
2000,97
2000,94
2000,94
2000,82
2000,87
2000,88
2000,91
2000,27
2000,95
2000,80
2000,97
2000,35
2000,95
2000,92
2000,75
2000,67
2000,93
2000,98
2000,74
2000,94
2000,98
2000,82
2000,96
2000,70
2000,78
2000,84
2000,80
2000,91
2000,99
2000,89
2000,48
2000,72
2000,86
2000,65
2000,49
2000,96
2000,36
2000,28
2000,97
2000,88
2000,70
2000,46
2000,34
2000,82
2000,68
2000,93
2000,94
2000,86
2000,97
2000,99
2000,50
2000,99
2000,85
2000,99
2000,98
2000,97
2000,51
2000,76
2000,93
2000,92
2000,36
2000,81
2000,96
2000,55
2000,89
2000,73
2000,90
2000,89
2000,92
2000,86
2000,42
2000,71
2000,86
2000,55
2000,98
2000,99
2000,91
2000,99
2000,86
2000,79
2000,95
2000,88
2000,94
2000,99
2000,78
2000,80
2000,78
2000,99
2000,98
2000,42
2000,97
2000,71
2000,74
2000,63
2000,93
2000,97
2000,93
2000,57
2000,73
2000,96
2000,99
2000,49
2000,74
2000,94
2000,46
2000,84
2000,85
2000,89
2000,98
2000,92
2000,93
2000,71
2000,84
2000,69
2000,8
2000,71
2000,85
2000,86
2000,37
2000,33
2000,97
2000,88
2000,99
2000,57
2000,83
2000,97
2000,69
2000,92
2000,97
2000,78
2000,97
2000,87
2000,91
2000,98
2000,74
2000,93
2000,99
2000,69
2000,48
2000,89
2000,97
2000,37
2000,96
2000,98
2000,95
2000,91
2000,24
2000,72
2000,99
2000,99
2000,88
2000,96
2000,58
2000,84
2000,91
2000,84
2000,88
2000,78
2000,94
2000,58
2000,92
2000,90
2000,95
2000,96
2000,81
2000,57
2000,99
2000,94
2000,89
2000,99
2000,61
2000,84
2000,97
2000,70
2000,85
2000,75
2001,89
2001,92
2001,99
2001,85
2001,85
2001,94
2001,57
2001,76
2001,77
2001,98
2001,96
2001,95
2001,95
2001,97
2001,94
2001,96
2001,82
2001,91
2001,85
2001,91
2001,37
2001,95
2001,83
2001,97
2001,64
2001,97
2001,93
2001,79
2001,68
2001,94
2001,98
2001,77
2001,93
2001,99
2001,82
2001,94
2001,68
2001,78
2001,88
2001,92
2001,91
2001,99
2001,90
2001,63
2001,73
2001,88
2001,59
2001,51
2001,95
2001,35
2001,26
2001,96
2001,93
2001,70
2001,35
2001,35
2001,82
2001,71
2001,94
2001,96
2001,86
2001,97
2001,94
2001,49
2001,99
2001,88
2001,99
2001,97
2001,95
2001,51
2001,84
2001,95
2001,93
2001,35
2001,83
2001,96
2001,55
2001,89
2001,74
2001,78
2001,91
2001,99
2001,91
2001,44
2001,72
2001,92
2001,55
2001,99
2001,99
2001,88
2001,96
2001,82
2001,73
2001,95
2001,85
2001,99
2001,95
2001,77
2001,76
2001,92
2001,99
2001,99
2001,50
2001,98
2001,65
2001,70
2001,58
2001,93
2001,97
2001,94
2001,59
2001,81
2001,95
2001,98
2001,54
2001,70
2001,64
2001,58
2001,90
2001,84
2001,94
2001,98
2001,95
2001,96
2001,74
2001,73
2001,58
2001,95
2001,71
2001,85
2001,99
2001,39
2001,32
2001,92
2001,90
2001,99
2001,59
2001,91
2001,95
2001,65
2001,90
2001,97
2001,81
2001,97
2001,90
2001,92
2001,98
2001,69
2001,92
2001,97
2001,75
2001,48
2001,90
2001,95
2001,50
2001,95
2001,99
2001,94
2001,83
2001,20
2001,69
2001,99
2001,90
2001,89
2001,98
2001,58
2001,82
2001,94
2001,80
2001,88
2001,86
2001,94
2001,40
2001,89
2001,91
2001,92
2001,98
2001,99
2001,59
2001,99
2001,94
2001,94
2001,99
2001,59
2001,98
2001,98
2001,72
2001,84
2001,73
2002,95
2002,94
2002,96
2002,85
2002,86
2002,94
2002,56
2002,72
2002,81
2002,98
2002,97
2002,96
2002,95
2002,98
2002,97
2002,97
2002,82
2002,83
2002,85
2002,91
2002,35
2002,96
2002,81
2002,98
2002,64
2002,99
2002,91
2002,78
2002,66
2002,94
2002,99
2002,75
2002,91
2002,99
2002,82
2002,88
2002,66
2002,78
2002,91
2002,89
2002,92
2002,99
2002,92
2002,64
2002,75
2002,89
2002,52
2002,53
2002,95
2002,42
2002,25
2002,95
2002,93
2002,71
2002,42
2002,37
2002,94
2002,71
2002,95
2002,98
2002,86
2002,98
2002,95
2002,62
2002,99
2002,86
2002,99
2002,97
2002,93
2002,51
2002,83
2002,95
2002,93
2002,36
2002,85
2002,96
2002,55
2002,90
2002,75
2002,78
2002,92
2002,96
2002,92
2002,46
2002,73
2002,93
2002,56
2002,97
2002,99
2002,91
2002,99
2002,77
2002,73
2002,95
2002,86
2002,95
2002,95
2002,78
2002,88
2002,98
2002,97
2002,98
2002,55
2002,98
2002,59
2002,78
2002,52
2002,91
2002,98
2002,94
2002,61
2002,69
2002,94
2002,97
2002,56
2002,65
2002,80
2002,87
2002,84
2002,88
2002,94
2002,97
2002,98
2002,94
2002,77
2002,77
2002,68
2002,40
2002,71
2002,84
2002,98
2002,41
2002,30
2002,98
2002,87
2002,99
2002,60
2002,99
2002,95
2002,73
2002,86
2002,95
2002,82
2002,98
2002,93
2002,99
2002,98
2002,69
2002,99
2002,96
2002,85
2002,54
2002,92
2002,98
2002,62
2002,94
2002,99
2002,93
2002,78
2002,45
2002,65
2002,99
2002,99
2002,98
2002,99
2002,58
2002,73
2002,95
2002,84
2002,89
2002,89
2002,94
2002,56
2002,48
2002,85
2002,87
2002,94
2002,88
2002,99
2002,62
2002,99
2002,94
2002,95
2002,97
2002,58
2002,83
2002,96
2002,62
2002,84
2002,70
2003,97
2003,94
2003,97
2003,85
2003,87
2003,95
2003,60
2003,74
2003,84
2003,98
2003,96
2003,96
2003,96
2003,98
2003,96
2003,98
2003,82
2003,75
2003,82
2003,93
2003,39
2003,93
2003,84
2003,96
2003,50
2003,99
2003,94
2003,79
2003,67
2003,90
2003,99
2003,76
2003,90
2003,99
2003,82
2003,96
2003,65
2003,88
2003,96
2003,84
2003,92
2003,98
2003,96
2003,76
2003,76
2003,90
2003,65
2003,61
2003,95
2003,49
2003,23
2003,96
2003,93
2003,67
2003,49
2003,50
2003,89
2003,70
2003,95
2003,99
2003,86
2003,97
2003,96
2003,66
2003,99
2003,83
2003,99
2003,98
2003,90
2003,51
2003,92
2003,95
2003,93
2003,35
2003,86
2003,97
2003,55
2003,90
2003,76
2003,80
2003,94
2003,99
2003,94
2003,48
2003,74
2003,89
2003,57
2003,94
2003,99
2003,93
2003,99
2003,73
2003,78
2003,96
2003,78
2003,96
2003,99
2003,72
2003,72
2003,95
2003,97
2003,99
2003,42
2003,98
2003,53
2003,85
2003,47
2003,96
2003,98
2003,95
2003,65
2003,77
2003,93
2003,96
2003,57
2003,90
2003,90
2003,84
2003,91
2003,91
2003,96
2003,96
2003,98
2003,90
2003,80
2003,80
2003,70
2003,53
2003,75
2003,84
2003,93
2003,43
2003,34
2003,96
2003,86
2003,98
2003,62
2003,99
2003,95
2003,77
2003,91
2003,95
2003,87
2003,97
2003,96
2003,93
2003,97
2003,90
2003,62
2003,94
2003,87
2003,60
2003,87
2003,99
2003,73
2003,93
2003,99
2003,94
2003,82
2003,40
2003,62
2003,99
2003,98
2003,90
2003,94
2003,65
2003,69
2003,95
2003,83
2003,91
2003,97
2003,96
2003,55
2003,68
2003,93
2003,88
2003,90
2003,97
2003,95
2003,64
2003,99
2003,94
2003,95
2003,99
2003,56
2003,83
2003,93
2003,64
2003,84
2003,68
2004,99
2004,94
2004,97
2004,86
2004,88
2004,96
2004,64
2004,76
2004,86
2004,98
2004,99
2004,96
2004,96
2004,98
2004,97
2004,97
2004,82
2004,81
2004,81
2004,93
2004,48
2004,96
2004,81
2004,98
2004,50
2004,97
2004,92
2004,74
2004,67
2004,89
2004,99
2004,81
2004,98
2004,99
2004,82
2004,97
2004,63
2004,87
2004,90
2004,88
2004,93
2004,99
2004,95
2004,78
2004,78
2004,91
2004,80
2004,64
2004,94
2004,55
2004,16
2004,94
2004,94
2004,76
2004,57
2004,65
2004,88
2004,78
2004,96
2004,99
2004,86
2004,97
2004,96
2004,60
2004,99
2004,81
2004,99
2004,97
2004,93
2004,51
2004,96
2004,96
2004,93
2004,35
2004,88
2004,97
2004,55
2004,92
2004,86
2004,83
2004,95
2004,74
2004,95
2004,50
2004,75
2004,88
2004,57
2004,91
2004,99
2004,93
2004,96
2004,69
2004,81
2004,97
2004,86
2004,99
2004,99
2004,73
2004,56
2004,95
2004,97
2004,99
2004,36
2004,98
2004,58
2004,84
2004,41
2004,99
2004,98
2004,95
2004,79
2004,80
2004,95
2004,97
2004,63
2004,94
2004,70
2004,73
2004,98
2004,85
2004,96
2004,96
2004,99
2004,95
2004,79
2004,86
2004,70
2004,67
2004,73
2004,83
2004,84
2004,45
2004,37
2004,96
2004,89
2004,98
2004,63
2004,99
2004,97
2004,77
2004,91
2004,85
2004,92
2004,97
2004,95
2004,99
2004,97
2004,84
2004,25
2004,94
2004,91
2004,57
2004,89
2004,99
2004,76
2004,95
2004,99
2004,94
2004,87
2004,40
2004,62
2004,96
2004,98
2004,95
2004,99
2004,67
2004,86
2004,96
2004,82
2004,92
2004,94
2004,96
2004,55
2004,70
2004,93
2004,95
2004,95
2004,97
2004,97
2004,66
2004,99
2004,94
2004,95
2004,98
2004,55
2004,80
2004,97
2004,74
2004,85
2004,66
2005,98
2005,94
2005,98
2005,86
2005,87
2005,96
2005,68
2005,77
2005,87
2005,98
2005,99
2005,96
2005,95
2005,99
2005,97
2005,97
2005,87
2005,91
2005,82
2005,92
2005,50
2005,97
2005,83
2005,94
2005,29
2005,99
2005,94
2005,75
2005,67
2005,85
2005,99
2005,88
2005,93
2005,99
2005,88
2005,95
2005,61
2005,93
2005,89
2005,90
2005,93
2005,98
2005,96
2005,84
2005,87
2005,92
2005,79
2005,68
2005,94
2005,62
2005,27
2005,90
2005,96
2005,67
2005,61
2005,54
2005,89
2005,84
2005,96
2005,98
2005,86
2005,97
2005,95
2005,65
2005,98
2005,79
2005,93
2005,98
2005,99
2005,51
2005,95
2005,96
2005,93
2005,40
2005,90
2005,97
2005,55
2005,91
2005,90
2005,83
2005,96
2005,99
2005,93
2005,51
2005,76
2005,92
2005,58
2005,95
2005,99
2005,90
2005,94
2005,69
2005,84
2005,94
2005,84
2005,95
2005,99
2005,69
2005,85
2005,96
2005,99
2005,99
2005,41
2005,98
2005,63
2005,83
2005,62
2005,97
2005,97
2005,95
2005,74
2005,82
2005,96
2005,97
2005,73
2005,86
2005,86
2005,65
2005,98
2005,96
2005,97
2005,95
2005,97
2005,97
2005,78
2005,84
2005,73
2005,80
2005,74
2005,82
2005,96
2005,47
2005,41
2005,96
2005,90
2005,98
2005,61
2005,98
2005,99
2005,82
2005,91
2005,77
2005,92
2005,98
2005,93
2005,99
2005,97
2005,89
2005,57
2005,94
2005,88
2005,74
2005,96
2005,99
2005,71
2005,96
2005,98
2005,94
2005,87
2005,35
2005,62
2005,99
2005,99
2005,94
2005,97
2005,69
2005,91
2005,96
2005,81
2005,85
2005,91
2005,96
2005,48
2005,70
2005,92
2005,93
2005,96
2005,99
2005,62
2005,68
2005,96
2005,92
2005,95
2005,99
2005,53
2005,76
2005,95
2005,73
2005,85
2005,67
2006,97
2006,94
2006,99
2006,93
2006,89
2006,96
2006,69
2006,79
2006,88
2006,97
2006,99
2006,96
2006,96
2006,99
2006,95
2006,97
2006,87
2006,98
2006,85
2006,92
2006,53
2006,95
2006,91
2006,91
2006,30
2006,99
2006,92
2006,80
2006,69
2006,88
2006,99
2006,83
2006,92
2006,97
2006,92
2006,99
2006,66
2006,90
2006,88
2006,85
2006,94
2006,97
2006,96
2006,88
2006,92
2006,94
2006,78
2006,73
2006,93
2006,61
2006,39
2006,91
2006,95
2006,66
2006,63
2006,61
2006,90
2006,73
2006,95
2006,96
2006,87
2006,97
2006,90
2006,67
2006,97
2006,81
2006,97
2006,98
2006,98
2006,51
2006,95
2006,96
2006,93
2006,44
2006,92
2006,97
2006,55
2006,89
2006,96
2006,85
2006,98
2006,98
2006,95
2006,51
2006,74
2006,90
2006,59
2006,95
2006,99
2006,95
2006,99
2006,62
2006,86
2006,96
2006,87
2006,99
2006,99
2006,77
2006,61
2006,96
2006,99
2006,97
2006,48
2006,98
2006,69
2006,82
2006,63
2006,98
2006,97
2006,95
2006,71
2006,85
2006,95
2006,97
2006,68
2006,94
2006,96
2006,62
2006,99
2006,83
2006,96
2006,94
2006,99
2006,90
2006,95
2006,76
2006,78
2006,63
2006,99
2006,85
2006,82
2006,99
2006,53
2006,44
2006,94
2006,92
2006,96
2006,59
2006,98
2006,95
2006,84
2006,91
2006,93
2006,92
2006,99
2006,97
2006,99
2006,95
2006,95
2006,54
2006,90
2006,85
2006,80
2006,88
2006,99
2006,65
2006,95
2006,98
2006,96
2006,99
2006,35
2006,65
2006,99
2006,99
2006,94
2006,99
2006,73
2006,83
2006,97
2006,81
2006,82
2006,93
2006,96
2006,61
2006,78
2006,90
2006,89
2006,98
2006,99
2006,84
2006,75
2006,98
2006,92
2006,94
2006,98
2006,52
2006,82
2006,93
2006,65
2006,85
2006,68
2007,94
2007,94
2007,99
2007,94
2007,90
2007,97
2007,70
2007,76
2007,90
2007,96
2007,92
2007,96
2007,96
2007,99
2007,96
2007,97
2007,87
2007,96
2007,86
2007,92
2007,55
2007,97
2007,92
2007,94
2007,68
2007,99
2007,92
2007,79
2007,75
2007,96
2007,99
2007,89
2007,75
2007,99
2007,92
2007,96
2007,70
2007,95
2007,86
2007,96
2007,95
2007,97
2007,96
2007,94
2007,88
2007,95
2007,79
2007,74
2007,94
2007,59
2007,31
2007,92
2007,93
2007,65
2007,68
2007,59
2007,90
2007,67
2007,96
2007,97
2007,87
2007,98
2007,89
2007,74
2007,96
2007,82
2007,98
2007,97
2007,99
2007,51
2007,96
2007,96
2007,94
2007,49
2007,94
2007,98
2007,62
2007,88
2007,97
2007,95
2007,99
2007,98
2007,86
2007,57
2007,73
2007,96
2007,60
2007,94
2007,99
2007,95
2007,97
2007,64
2007,87
2007,97
2007,76
2007,95
2007,99
2007,80
2007,93
2007,99
2007,99
2007,99
2007,40
2007,95
2007,74
2007,81
2007,71
2007,98
2007,97
2007,96
2007,81
2007,83
2007,95
2007,97
2007,66
2007,79
2007,94
2007,67
2007,98
2007,92
2007,96
2007,94
2007,98
2007,90
2007,95
2007,75
2007,81
2007,69
2007,99
2007,81
2007,79
2007,99
2007,60
2007,41
2007,96
2007,92
2007,97
2007,57
2007,91
2007,95
2007,77
2007,91
2007,92
2007,92
2007,98
2007,95
2007,92
2007,97
2007,94
2007,63
2007,90
2007,86
2007,84
2007,95
2007,99
2007,60
2007,95
2007,99
2007,96
2007,90
2007,35
2007,63
2007,98
2007,99
2007,94
2007,99
2007,79
2007,85
2007,96
2007,81
2007,85
2007,90
2007,96
2007,63
2007,71
2007,90
2007,91
2007,98
2007,99
2007,95
2007,75
2007,97
2007,92
2007,96
2007,98
2007,56
2007,87
2007,83
2007,71
2007,93
2007,69
2008,96
2008,94
2008,99
2008,97
2008,89
2008,97
2008,72
2008,76
2008,90
2008,95
2008,92
2008,96
2008,96
2008,99
2008,97
2008,98
2008,92
2008,97
2008,86
2008,92
2008,59
2008,98
2008,88
2008,98
2008,57
2008,99
2008,94
2008,83
2008,79
2008,90
2008,99
2008,92
2008,94
2008,99
2008,93
2008,96
2008,66
2008,99
2008,92
2008,84
2008,95
2008,99
2008,96
2008,94
2008,84
2008,96
2008,89
2008,80
2008,93
2008,58
2008,27
2008,96
2008,95
2008,76
2008,64
2008,69
2008,89
2008,63
2008,98
2008,98
2008,87
2008,97
2008,87
2008,73
2008,99
2008,83
2008,98
2008,92
2008,95
2008,51
2008,96
2008,95
2008,94
2008,54
2008,94
2008,97
2008,67
2008,92
2008,97
2008,86
2008,99
2008,99
2008,96
2008,55
2008,71
2008,95
2008,62
2008,93
2008,99
2008,96
2008,98
2008,76
2008,89
2008,98
2008,88
2008,95
2008,99
2008,90
2008,72
2008,98
2008,99
2008,99
2008,52
2008,96
2008,79
2008,80
2008,76
2008,98
2008,97
2008,96
2008,70
2008,88
2008,95
2008,97
2008,71
2008,78
2008,86
2008,65
2008,98
2008,86
2008,95
2008,93
2008,97
2008,89
2008,96
2008,77
2008,82
2008,73
2008,99
2008,79
2008,86
2008,99
2008,66
2008,53
2008,98
2008,93
2008,98
2008,56
2008,97
2008,96
2008,73
2008,91
2008,92
2008,92
2008,98
2008,97
2008,96
2008,96
2008,92
2008,44
2008,86
2008,93
2008,77
2008,92
2008,99
2008,73
2008,95
2008,99
2008,96
2008,71
2008,34
2008,67
2008,98
2008,99
2008,99
2008,99
2008,79
2008,86
2008,96
2008,81
2008,86
2008,88
2008,98
2008,73
2008,63
2008,89
2008,91
2008,98
2008,99
2008,93
2008,70
2008,94
2008,92
2008,95
2008,98
2008,61
2008,93
2008,92
2008,69
2008,87
2008,70
2009,96
2009,94
2009,99
2009,99
2009,89
2009,97
2009,78
2009,74
2009,90
2009,94
2009,93
2009,96
2009,96
2009,98
2009,98
2009,98
2009,92
2009,97
2009,86
2009,90
2009,60
2009,97
2009,92
2009,98
2009,53
2009,99
2009,96
2009,76
2009,85
2009,98
2009,99
2009,93
2009,94
2009,99
2009,95
2009,97
2009,71
2009,94
2009,93
2009,93
2009,96
2009,99
2009,96
2009,94
2009,91
2009,97
2009,92
2009,74
2009,91
2009,56
2009,36
2009,93
2009,89
2009,79
2009,72
2009,63
2009,81
2009,67
2009,95
2009,99
2009,87
2009,98
2009,84
2009,84
2009,99
2009,84
2009,97
2009,95
2009,91
2009,51
2009,97
2009,95
2009,94
2009,59
2009,94
2009,98
2009,63
2009,96
2009,83
2009,93
2009,99
2009,98
2009,92
2009,53
2009,69
2009,97
2009,63
2009,97
2009,99
2009,92
2009,99
2009,81
2009,90
2009,97
2009,88
2009,95
2009,99
2009,88
2009,82
2009,98
2009,99
2009,99
2009,59
2009,92
2009,79
2009,84
2009,83
2009,98
2009,96
2009,96
2009,63
2009,92
2009,95
2009,98
2009,73
2009,82
2009,78
2009,59
2009,99
2009,86
2009,90
2009,92
2009,94
2009,86
2009,98
2009,80
2009,87
2009,76
2009,99
2009,90
2009,89
2009,99
2009,69
2009,64
2009,96
2009,93
2009,99
2009,56
2009,75
2009,96
2009,74
2009,91
2009,91
2009,88
2009,98
2009,95
2009,99
2009,96
2009,95
2009,45
2009,88
2009,90
2009,79
2009,95
2009,97
2009,80
2009,95
2009,99
2009,95
2009,69
2009,43
2009,70
2009,97
2009,99
2009,99
2009,99
2009,82
2009,88
2009,97
2009,82
2009,89
2009,91
2009,98
2009,70
2009,66
2009,87
2009,94
2009,98
2009,99
2009,90
2009,77
2009,75
2009,93
2009,94
2009,95
2009,65
2009,87
2009,97
2009,65
2009,90
2009,76
2010,95
2010,94
2010,99
2010,99
2010,89
2010,97
2010,82
2010,78
2010,91
2010,94
2010,98
2010,95
2010,96
2010,98
2010,98
2010,95
2010,92
2010,97
2010,89
2010,92
2010,62
2010,99
2010,95
2010,99
2010,67
2010,98
2010,97
2010,80
2010,89
2010,94
2010,99
2010,88
2010,85
2010,99
2010,95
2010,98
2010,68
2010,95
2010,88
2010,91
2010,96
2010,94
2010,97
2010,92
2010,92
2010,97
2010,90
2010,79
2010,90
2010,53
2010,46
2010,93
2010,88
2010,72
2010,74
2010,75
2010,83
2010,70
2010,96
2010,99
2010,87
2010,98
2010,85
2010,85
2010,99
2010,85
2010,95
2010,96
2010,92
2010,51
2010,97
2010,95
2010,94
2010,64
2010,94
2010,98
2010,62
2010,92
2010,94
2010,93
2010,99
2010,95
2010,93
2010,58
2010,76
2010,95
2010,64
2010,97
2010,99
2010,93
2010,99
2010,75
2010,90
2010,96
2010,89
2010,98
2010,99
2010,86
2010,89
2010,99
2010,98
2010,99
2010,64
2010,95
2010,79
2010,88
2010,65
2010,98
2010,96
2010,96
2010,66
2010,93
2010,95
2010,97
2010,78
2010,73
2010,97
2010,67
2010,99
2010,80
2010,97
2010,92
2010,97
2010,90
2010,98
2010,82
2010,88
2010,75
2010,99
2010,86
2010,91
2010,99
2010,67
2010,56
2010,98
2010,93
2010,99
2010,57
2010,39
2010,97
2010,74
2010,93
2010,94
2010,80
2010,98
2010,96
2010,99
2010,95
2010,95
2010,56
2010,88
2010,92
2010,81
2010,95
2010,99
2010,82
2010,95
2010,98
2010,95
2010,74
2010,46
2010,64
2010,99
2010,99
2010,95
2010,99
2010,90
2010,90
2010,97
2010,82
2010,94
2010,92
2010,98
2010,66
2010,68
2010,86
2010,92
2010,97
2010,99
2010,85
2010,73
2010,56
2010,94
2010,95
2010,98
2010,70
2010,79
2010,98
2010,68
2010,96
2010,90
2011,95
2011,94
2011,99
2011,99
2011,89
2011,97
2011,84
2011,80
2011,90
2011,94
2011,99
2011,98
2011,96
2011,98
2011,98
2011,97
2011,93
2011,98
2011,90
2011,92
2011,64
2011,99
2011,95
2011,99
2011,60
2011,99
2011,97
2011,84
2011,92
2011,90
2011,99
2011,93
2011,93
2011,99
2011,95
2011,98
2011,70
2011,95
2011,96
2011,89
2011,97
2011,91
2011,95
2011,89
2011,93
2011,96
2011,88
2011,76
2011,88
2011,49
2011,54
2011,91
2011,88
2011,79
2011,74
2011,83
2011,83
2011,49
2011,96
2011,99
2011,87
2011,98
2011,87
2011,84
2011,99
2011,87
2011,94
2011,96
2011,89
2011,51
2011,98
2011,94
2011,87
2011,68
2011,94
2011,97
2011,72
2011,91
2011,91
2011,91
2011,99
2011,95
2011,89
2011,62
2011,83
2011,98
2011,65
2011,97
2011,99
2011,94
2011,99
2011,77
2011,92
2011,97
2011,88
2011,98
2011,99
2011,87
2011,90
2011,99
2011,99
2011,97
2011,69
2011,92
2011,79
2011,92
2011,71
2011,98
2011,94
2011,96
2011,62
2011,96
2011,95
2011,96
2011,72
2011,84
2011,88
2011,67
2011,99
2011,92
2011,91
2011,91
2011,98
2011,91
2011,99
2011,82
2011,88
2011,74
2011,99
2011,88
2011,93
2011,99
2011,69
2011,49
2011,97
2011,93
2011,99
2011,59
2011,85
2011,97
2011,79
2011,91
2011,96
2011,87
2011,98
2011,97
2011,98
2011,93
2011,95
2011,59
2011,90
2011,91
2011,84
2011,93
2011,99
2011,84
2011,95
2011,98
2011,96
2011,77
2011,46
2011,68
2011,62
2011,99
2011,99
2011,91
2011,97
2011,87
2011,85
2011,97
2011,80
2011,98
2011,93
2011,98
2011,62
2011,72
2011,85
2011,92
2011,96
2011,99
2011,98
2011,75
2011,67
2011,95
2011,95
2011,99
2011,75
2011,86
2011,96
2011,66
2011,83
2011,92
2012,94
2012,94
2012,99
2012,99
2012,91
2012,97
2012,83
2012,82
2012,90
2012,96
2012,99
2012,99
2012,96
2012,98
2012,98
2012,97
2012,93
2012,96
2012,92
2012,91
2012,59
2012,98
2012,95
2012,98
2012,67
2012,98
2012,97
2012,88
2012,94
2012,91
2012,99
2012,88
2012,90
2012,98
2012,96
2012,96
2012,74
2012,95
2012,92
2012,94
2012,97
2012,95
2012,94
2012,87
2012,93
2012,91
2012,84
2012,82
2012,98
2012,49
2012,63
2012,90
2012,94
2012,85
2012,72
2012,80
2012,90
2012,74
2012,95
2012,99
2012,86
2012,98
2012,90
2012,83
2012,99
2012,88
2012,96
2012,93
2012,93
2012,35
2012,94
2012,88
2012,62
2012,94
2012,97
2012,71
2012,95
2012,93
2012,88
2012,99
2012,94
2012,93
2012,51
2012,81
2012,99
2012,65
2012,97
2012,99
2012,90
2012,98
2012,69
2012,92
2012,96
2012,93
2012,98
2012,96
2012,93
2012,91
2012,99
2012,99
2012,98
2012,72
2012,90
2012,79
2012,91
2012,80
2012,98
2012,93
2012,99
2012,61
2012,90
2012,95
2012,98
2012,67
2012,93
2012,78
2012,75
2012,99
2012,91
2012,91
2012,90
2012,99
2012,90
2012,99
2012,82
2012,84
2012,76
2012,96
2012,86
2012,92
2012,99
2012,75
2012,42
2012,96
2012,94
2012,99
2012,63
2012,91
2012,98
2012,86
2012,88
2012,94
2012,87
2012,98
2012,97
2012,97
2012,94
2012,97
2012,76
2012,84
2012,92
2012,83
2012,87
2012,98
2012,86
2012,95
2012,99
2012,95
2012,87
2012,46
2012,68
2012,52
2012,99
2012,95
2012,99
2012,94
2012,85
2012,73
2012,98
2012,61
2012,94
2012,97
2012,98
2012,73
2012,72
2012,81
2012,85
2012,96
2012,99
2012,98
2012,83
2012,79
2012,96
2012,96
2012,99
2012,79
2012,87
2012,96
2012,63
2012,82
2012,97
2013,94
2013,94
2013,98
2013,99
2013,90
2013,97
2013,83
2013,81
2013,90
2013,95
2013,99
2013,89
2013,96
2013,98
2013,98
2013,95
2013,93
2013,98
2013,93
2013,92
2013,57
2013,99
2013,95
2013,95
2013,59
2013,96
2013,97
2013,92
2013,98
2013,92
2013,99
2013,91
2013,87
2013,99
2013,96
2013,99
2013,68
2013,94
2013,87
2013,92
2013,97
2013,96
2013,95
2013,82
2013,98
2013,91
2013,79
2013,83
2013,90
2013,25
2013,57
2013,90
2013,92
2013,85
2013,76
2013,80
2013,91
2013,69
2013,94
2013,99
2013,86
2013,99
2013,89
2013,80
2013,93
2013,83
2013,97
2013,96
2013,94
2013,42
2013,94
2013,96
2013,55
2013,94
2013,97
2013,70
2013,96
2013,97
2013,89
2013,99
2013,94
2013,85
2013,39
2013,81
2013,99
2013,65
2013,97
2013,99
2013,91
2013,98
2013,63
2013,92
2013,98
2013,94
2013,97
2013,99
2013,94
2013,91
2013,99
2013,99
2013,99
2013,82
2013,96
2013,79
2013,90
2013,74
2013,96
2013,93
2013,99
2013,63
2013,88
2013,95
2013,99
2013,62
2013,99
2013,79
2013,80
2013,99
2013,91
2013,91
2013,90
2013,97
2013,88
2013,99
2013,85
2013,86
2013,82
2013,97
2013,88
2013,92
2013,99
2013,76
2013,43
2013,96
2013,93
2013,99
2013,68
2013,99
2013,92
2013,89
2013,88
2013,85
2013,87
2013,98
2013,98
2013,97
2013,92
2013,95
2013,90
2013,82
2013,91
2013,84
2013,92
2013,97
2013,85
2013,95
2013,98
2013,94
2013,76
2013,46
2013,66
2013,30
2013,99
2013,99
2013,99
2013,99
2013,85
2013,93
2013,97
2013,58
2013,92
2013,99
2013,99
2013,70
2013,72
2013,86
2013,91
2013,94
2013,99
2013,96
2013,84
2013,79
2013,98
2013,96
2013,97
2013,84
2013,85
2013,98
2013,70
2013,80
2013,93
2014,95
2014,94
2014,97
2014,99
2014,91
2014,97
2014,85
2014,75
2014,87
2014,98
2014,99
2014,97
2014,96
2014,98
2014,98
2014,96
2014,94
2014,94
2014,93
2014,92
2014,60
2014,98
2014,95
2014,96
2014,56
2014,93
2014,97
2014,96
2014,98
2014,92
2014,99
2014,94
2014,95
2014,99
2014,96
2014,95
2014,68
2014,97
2014,89
2014,89
2014,97
2014,97
2014,93
2014,88
2014,94
2014,93
2014,83
2014,80
2014,90
2014,49
2014,45
2014,97
2014,91
2014,86
2014,77
2014,80
2014,95
2014,59
2014,94
2014,99
2014,86
2014,99
2014,90
2014,71
2014,94
2014,88
2014,85
2014,93
2014,95
2014,44
2014,93
2014,97
2014,54
2014,94
2014,96
2014,61
2014,96
2014,92
2014,92
2014,97
2014,94
2014,67
2014,28
2014,81
2014,99
2014,53
2014,97
2014,99
2014,90
2014,99
2014,57
2014,93
2014,97
2014,92
2014,98
2014,99
2014,95
2014,88
2014,99
2014,94
2014,96
2014,87
2014,95
2014,79
2014,90
2014,58
2014,93
2014,93
2014,99
2014,64
2014,85
2014,94
2014,99
2014,61
2014,98
2014,79
2014,75
2014,98
2014,83
2014,90
2014,89
2014,98
2014,76
2014,99
2014,85
2014,88
2014,83
2014,98
2014,88
2014,93
2014,99
2014,73
2014,44
2014,93
2014,94
2014,99
2014,71
2014,83
2014,90
2014,84
2014,84
2014,89
2014,79
2014,97
2014,98
2014,99
2014,89
2014,97
2014,82
2014,81
2014,92
2014,80
2014,86
2014,99
2014,80
2014,95
2014,97
2014,94
2014,76
2014,46
2014,71
2014,22
2014,99
2014,93
2014,99
2014,99
2014,86
2014,85
2014,97
2014,54
2014,98
2014,99
2014,99
2014,74
2014,82
2014,85
2014,96
2014,98
2014,99
2014,94
2014,85
2014,56
2014,99
2014,96
2014,99
2014,90
2014,89
2014,97
2014,67
2014,85
2014,92
2015,89
2015,95
2015,96
2015,99
2015,91
2015,97
2015,87
2015,75
2015,85
2015,96
2015,98
2015,97
2015,95
2015,98
2015,98
2015,96
2015,94
2015,97
2015,93
2015,92
2015,62
2015,97
2015,95
2015,96
2015,51
2015,91
2015,97
2015,96
2015,98
2015,94
2015,99
2015,94
2015,96
2015,99
2015,96
2015,96
2015,74
2015,97
2015,95
2015,83
2015,97
2015,96
2015,92
2015,88
2015,93
2015,92
2015,84
2015,79
2015,90
2015,49
2015,46
2015,96
2015,94
2015,90
2015,79
2015,80
2015,93
2015,69
2015,93
2015,99
2015,90
2015,99
2015,91
2015,74
2015,96
2015,90
2015,84
2015,92
2015,95
2015,27
2015,93
2015,89
2015,65
2015,94
2015,95
2015,68
2015,97
2015,96
2015,89
2015,97
2015,99
2015,77
2015,48
2015,81
2015,99
2015,53
2015,97
2015,99
2015,93
2015,99
2015,57
2015,93
2015,98
2015,91
2015,94
2015,99
2015,96
2015,84
2015,98
2015,93
2015,99
2015,88
2015,96
2015,79
2015,90
2015,64
2015,98
2015,94
2015,99
2015,58
2015,87
2015,93
2015,99
2015,61
2015,89
2015,75
2015,70
2015,99
2015,74
2015,89
2015,88
2015,98
2015,64
2015,99
2015,85
2015,84
2015,85
2015,98
2015,85
2015,93
2015,99
2015,75
2015,42
2015,89
2015,95
2015,99
2015,75
2015,95
2015,93
2015,79
2015,78
2015,92
2015,82
2015,96
2015,98
2015,99
2015,86
2015,96
2015,69
2015,84
2015,93
2015,80
2015,86
2015,98
2015,78
2015,95
2015,95
2015,94
2015,75
2015,46
2015,76
2015,20
2015,99
2015,95
2015,97
2015,99
2015,87
2015,94
2015,97
2015,53
2015,97
2015,99
2015,99
2015,70
2015,85
2015,85
2015,89
2015,98
2015,99
2015,94
2015,80
2015,56
2015,99
2015,96
2015,99
2015,76
2015,92
2015,97
2015,67
2015,90
2015,86
2016,90
2016,95
2016,95
2016,99
2016,90
2016,97
2016,88
2016,76
2016,89
2016,96
2016,98
2016,96
2016,94
2016,98
2016,98
2016,97
2016,94
2016,98
2016,92
2016,92
2016,62
2016,96
2016,94
2016,97
2016,45
2016,88
2016,97
2016,95
2016,98
2016,89
2016,99
2016,94
2016,92
2016,98
2016,96
2016,95
2016,74
2016,97
2016,94
2016,68
2016,97
2016,98
2016,92
2016,88
2016,93
2016,93
2016,84
2016,78
2016,90
2016,49
2016,37
2016,93
2016,93
2016,90
2016,77
2016,67
2016,93
2016,74
2016,90
2016,99
2016,90
2016,98
2016,94
2016,75
2016,96
2016,85
2016,86
2016,95
2016,90
2016,30
2016,93
2016,89
2016,66
2016,94
2016,94
2016,64
2016,97
2016,93
2016,89
2016,97
2016,95
2016,86
2016,48
2016,81
2016,99
2016,53
2016,97
2016,99
2016,91
2016,99
2016,66
2016,92
2016,97
2016,95
2016,96
2016,99
2016,96
2016,80
2016,99
2016,99
2016,97
2016,76
2016,93
2016,79
2016,90
2016,80
2016,97
2016,94
2016,99
2016,58
2016,81
2016,93
2016,99
2016,61
2016,93
2016,75
2016,72
2016,92
2016,70
2016,88
2016,88
2016,98
2016,47
2016,99
2016,85
2016,91
2016,75
2016,98
2016,83
2016,92
2016,99
2016,76
2016,42
2016,82
2016,96
2016,99
2016,75
2016,96
2016,95
2016,70
2016,85
2016,88
2016,80
2016,96
2016,98
2016,99
2016,86
2016,95
2016,68
2016,82
2016,93
2016,93
2016,82
2016,97
2016,85
2016,95
2016,95
2016,92
2016,82
2016,46
2016,75
2016,20
2016,99
2016,98
2016,99
2016,99
2016,86
2016,97
2016,97
2016,62
2016,97
2016,90
2016,99
2016,70
2016,87
2016,84
2016,86
2016,96
2016,99
2016,96
2016,80
2016,42
2016,99
2016,95
2016,99
2016,84
2016,88
2016,99
2016,70
2016,93
2016,95
2017,89
2017,95
2017,97
2017,99
2017,90
2017,97
2017,88
2017,75
2017,92
2017,96
2017,98
2017,96
2017,93
2017,98
2017,96
2017,96
2017,95
2017,96
2017,92
2017,92
2017,62
2017,96
2017,88
2017,99
2017,42
2017,88
2017,96
2017,96
2017,98
2017,90
2017,99
2017,94
2017,92
2017,97
2017,96
2017,90
2017,74
2017,97
2017,83
2017,69
2017,97
2017,97
2017,94
2017,88
2017,90
2017,96
2017,84
2017,77
2017,89
2017,49
2017,37
2017,93
2017,93
2017,90
2017,80
2017,70
2017,96
2017,78
2017,89
2017,99
2017,90
2017,97
2017,97
2017,75
2017,77
2017,86
2017,81
2017,94
2017,85
2017,30
2017,93
2017,89
2017,65
2017,94
2017,94
2017,63
2017,90
2017,95
2017,95
2017,97
2017,85
2017,86
2017,48
2017,81
2017,99
2017,53
2017,97
2017,99
2017,92
2017,99
2017,71
2017,92
2017,98
2017,95
2017,93
2017,99
2017,89
2017,81
2017,99
2017,99
2017,95
2017,82
2017,96
2017,79
2017,90
2017,87
2017,94
2017,94
2017,99
2017,58
2017,83
2017,93
2017,99
2017,61
2017,91
2017,83
2017,78
2017,89
2017,76
2017,93
2017,87
2017,99
2017,58
2017,99
2017,85
2017,83
2017,80
2017,95
2017,90
2017,93
2017,99
2017,78
2017,42
2017,83
2017,96
2017,99
2017,76
2017,96
2017,98
2017,62
2017,92
2017,83
2017,89
2017,96
2017,98
2017,99
2017,86
2017,95
2017,58
2017,82
2017,90
2017,90
2017,86
2017,99
2017,80
2017,95
2017,96
2017,93
2017,84
2017,46
2017,60
2017,20
2017,99
2017,93
2017,87
2017,99
2017,90
2017,97
2017,97
2017,67
2017,98
2017,99
2017,99
2017,70
2017,91
2017,85
2017,93
2017,98
2017,99
2017,95
2017,80
2017,86
2017,99
2017,95
2017,99
2017,80
2017,96
2017,97
2017,65
2017,96
2017,90
